"p.id","p.name","name","id","bytes","path"
369999,"0901 Alaska Marine Information System","Files",370000,0,"/Files"
369999,"0901 Alaska Marine Information System","Final report",2541618,45341,"/Final report"
369994,"0902 PICES Report","Files",369995,29046,"/Files"
369994,"0902 PICES Report","Final report",2541617,0,"/Final report"
369726,"0903 CPR","data",1701572,98049,"/Files/data"
369726,"0903 CPR","draft0",1701590,304365,"/Files/original/draft0"
369726,"0903 CPR","Files",369727,786394,"/Files"
369726,"0903 CPR","Final report",2541612,238719,"/Final report"
369726,"0903 CPR","original",1701585,412209,"/Files/original"
365971,"0904 Estimating freshwater fluxes into the Gulf of Alaska","ak_wcan_precip",375375,12239805289,"/Files/DATA_FOR_NPRB/Climate_Data/Generated_Weather_Grids/ak_wcan_precip"
365971,"0904 Estimating freshwater fluxes into the Gulf of Alaska","ak_wcan_temp",376552,12148843455,"/Files/DATA_FOR_NPRB/Climate_Data/Generated_Weather_Grids/ak_wcan_temp"
365971,"0904 Estimating freshwater fluxes into the Gulf of Alaska","Alaska",377739,7095166,"/Files/DATA_FOR_NPRB/Climate_Data/Raw_Data/Alaska"
365971,"0904 Estimating freshwater fluxes into the Gulf of Alaska","apply_to_ungaged_basins",377876,13488115,"/Files/DATA_FOR_NPRB/Regression_Analysis/apply_to_ungaged_basins"
365971,"0904 Estimating freshwater fluxes into the Gulf of Alaska","Canada",377848,5701217,"/Files/DATA_FOR_NPRB/Climate_Data/Raw_Data/Canada"
365971,"0904 Estimating freshwater fluxes into the Gulf of Alaska","Climate_Data",375367,26073757117,"/Files/DATA_FOR_NPRB/Climate_Data"
365971,"0904 Estimating freshwater fluxes into the Gulf of Alaska","DATA_FOR_NPRB",375359,26102439626,"/Files/DATA_FOR_NPRB"
365971,"0904 Estimating freshwater fluxes into the Gulf of Alaska","derive_regression_equations",377867,11027483,"/Files/DATA_FOR_NPRB/Regression_Analysis/derive_regression_equations"
365971,"0904 Estimating freshwater fluxes into the Gulf of Alaska","Files",365972,27756140306,"/Files"
365971,"0904 Estimating freshwater fluxes into the Gulf of Alaska","Final report",2541309,7385320,"/Final report"
365971,"0904 Estimating freshwater fluxes into the Gulf of Alaska","Generated_Weather_Grids",375368,26060941506,"/Files/DATA_FOR_NPRB/Climate_Data/Generated_Weather_Grids"
365971,"0904 Estimating freshwater fluxes into the Gulf of Alaska","Physical_Data",377861,83333,"/Files/DATA_FOR_NPRB/Physical_Data"
365971,"0904 Estimating freshwater fluxes into the Gulf of Alaska","precip_data_by_county",377740,2057397,"/Files/DATA_FOR_NPRB/Climate_Data/Raw_Data/Alaska/precip_data_by_county"
365971,"0904 Estimating freshwater fluxes into the Gulf of Alaska","Raw_Data",377738,12803319,"/Files/DATA_FOR_NPRB/Climate_Data/Raw_Data"
365971,"0904 Estimating freshwater fluxes into the Gulf of Alaska","Regression_Analysis",377866,24521746,"/Files/DATA_FOR_NPRB/Regression_Analysis"
365971,"0904 Estimating freshwater fluxes into the Gulf of Alaska","Regression_Input_Data",375360,4062066,"/Files/DATA_FOR_NPRB/Regression_Input_Data"
365971,"0904 Estimating freshwater fluxes into the Gulf of Alaska","temp_data_by_county",377797,2525497,"/Files/DATA_FOR_NPRB/Climate_Data/Raw_Data/Alaska/temp_data_by_county"
370475,"0905 Habitat utilization between canyon and slope during ontogeny","00.3rd",1703070,22326594,"/Files/original/00.3rd"
370475,"0905 Habitat utilization between canyon and slope during ontogeny","00.3rd",1702284,22326594,"/Files/062013/original/00.3rd"
370475,"0905 Habitat utilization between canyon and slope during ontogeny","00.data",1702461,298364,"/Files/062013/original/00.data"
370475,"0905 Habitat utilization between canyon and slope during ontogeny","00.data",1703247,294268,"/Files/original/00.data"
370475,"0905 Habitat utilization between canyon and slope during ontogeny","01.revised",1702333,1176680,"/Files/062013/original/01.revised"
370475,"0905 Habitat utilization between canyon and slope during ontogeny","01.revised",1703119,1176680,"/Files/original/01.revised"
370475,"0905 Habitat utilization between canyon and slope during ontogeny","02.revised",1702404,96687791,"/Files/062013/original/02.revised"
370475,"0905 Habitat utilization between canyon and slope during ontogeny","02.revised",1703190,96687791,"/Files/original/02.revised"
370475,"0905 Habitat utilization between canyon and slope during ontogeny","062013",1702213,674074322,"/Files/062013"
370475,"0905 Habitat utilization between canyon and slope during ontogeny","20130317 follow-up",1702913,668568,"/Files/062013/20130317 follow-up"
370475,"0905 Habitat utilization between canyon and slope during ontogeny","20130408 follow-up",1702844,856016,"/Files/062013/20130408 follow-up"
370475,"0905 Habitat utilization between canyon and slope during ontogeny","3party",1703427,23021155,"/Files/original/NPRB.2009.05/3party"
370475,"0905 Habitat utilization between canyon and slope during ontogeny","3party",1702647,23021155,"/Files/062013/original/NPRB.2009.05/3party"
370475,"0905 Habitat utilization between canyon and slope during ontogeny","3rd",1703042,145284,"/Files/3rd"
370475,"0905 Habitat utilization between canyon and slope during ontogeny","BeringSlopeStudyRegionShapefile",1702055,163970,"/Files/published/data/BeringSlopeStudyRegionShapefile"
370475,"0905 Habitat utilization between canyon and slope during ontogeny","BS_GH_catch_Ichbase",1702085,2787697,"/Files/published/data/BS_GH_catch_Ichbase"
370475,"0905 Habitat utilization between canyon and slope during ontogeny","BS_GH_lengths_Ichbase",1702090,281319,"/Files/published/data/BS_GH_lengths_Ichbase"
370475,"0905 Habitat utilization between canyon and slope during ontogeny","BS_PH_catch_Ichbase",1701981,6513156,"/Files/published/data/BS_PH_catch_Ichbase"
370475,"0905 Habitat utilization between canyon and slope during ontogeny","BS_PH_lengths_Ichbase",1702115,167518,"/Files/published/data/BS_PH_lengths_Ichbase"
370475,"0905 Habitat utilization between canyon and slope during ontogeny","data",1703382,169699050,"/Files/original/NPRB.2009.05/NPRB.2009.05.PH_Simulation_Output/data"
370475,"0905 Habitat utilization between canyon and slope during ontogeny","data",1701980,368334073,"/Files/published/data"
370475,"0905 Habitat utilization between canyon and slope during ontogeny","data",1702552,176041099,"/Files/062013/original/NPRB.2009.05/NPRB.2009.05.GH_Simulation_Output/data"
370475,"0905 Habitat utilization between canyon and slope during ontogeny","data",1702014,169699050,"/Files/published/data/PH_Simulation_Output/data"
370475,"0905 Habitat utilization between canyon and slope during ontogeny","data",1702602,169699050,"/Files/062013/original/NPRB.2009.05/NPRB.2009.05.PH_Simulation_Output/data"
370475,"0905 Habitat utilization between canyon and slope during ontogeny","data",1703332,176041099,"/Files/original/NPRB.2009.05/NPRB.2009.05.GH_Simulation_Output/data"
370475,"0905 Habitat utilization between canyon and slope during ontogeny","data",1702128,176041099,"/Files/published/data/GH_Simulation_Output/data"
370475,"0905 Habitat utilization between canyon and slope during ontogeny","data",1702962,991890,"/Files/062013/data"
370475,"0905 Habitat utilization between canyon and slope during ontogeny","Files",370476,1794161977,"/Files"
370475,"0905 Habitat utilization between canyon and slope during ontogeny","Final report",2541625,95632278,"/Final report"
370475,"0905 Habitat utilization between canyon and slope during ontogeny","fromAmazon",1701941,88720389,"/Files/published/fromAmazon"
370475,"0905 Habitat utilization between canyon and slope during ontogeny","GHB_CPUE_Shelf",1702006,894430,"/Files/published/data/GHB_CPUE_Shelf"
370475,"0905 Habitat utilization between canyon and slope during ontogeny","GHB_Length_Shelf",1702075,1499358,"/Files/published/data/GHB_Length_Shelf"
370475,"0905 Habitat utilization between canyon and slope during ontogeny","GH&PH_CPUE_Slope",1701986,110350,"/Files/published/data/GH&PH_CPUE_Slope"
370475,"0905 Habitat utilization between canyon and slope during ontogeny","GH&PH_CPUE_SlopeOld",1702171,217670,"/Files/published/data/GH&PH_CPUE_SlopeOld"
370475,"0905 Habitat utilization between canyon and slope during ontogeny","GH&PH_length_Slope",1702070,483191,"/Files/published/data/GH&PH_length_Slope"
370475,"0905 Habitat utilization between canyon and slope during ontogeny","GH&PH_length_SlopeOld",1702120,2656686,"/Files/published/data/GH&PH_length_SlopeOld"
370475,"0905 Habitat utilization between canyon and slope during ontogeny","GH_Simulation_Output",1702125,176047247,"/Files/published/data/GH_Simulation_Output"
370475,"0905 Habitat utilization between canyon and slope during ontogeny","GH_Successful_Settlement_Area",1702095,9025,"/Files/published/data/GH_Successful_Settlement_Area"
370475,"0905 Habitat utilization between canyon and slope during ontogeny","GIS Files",1702484,89604,"/Files/062013/original/00.data/GIS Files"
370475,"0905 Habitat utilization between canyon and slope during ontogeny","GIS Files",1703248,89604,"/Files/original/00.data/GIS Files"
370475,"0905 Habitat utilization between canyon and slope during ontogeny","NPRB.2009.05",1703292,452878132,"/Files/original/NPRB.2009.05"
370475,"0905 Habitat utilization between canyon and slope during ontogeny","NPRB.2009.05",1702506,452880180,"/Files/062013/original/NPRB.2009.05"
370475,"0905 Habitat utilization between canyon and slope during ontogeny","NPRB.2009.05.BeringSlopeStudyRegionShapefile",1702752,213471,"/Files/062013/original/NPRB.2009.05/NPRB.2009.05.BeringSlopeStudyRegionShapefile"
370475,"0905 Habitat utilization between canyon and slope during ontogeny","NPRB.2009.05.BeringSlopeStudyRegionShapefile",1703532,213471,"/Files/original/NPRB.2009.05/NPRB.2009.05.BeringSlopeStudyRegionShapefile"
370475,"0905 Habitat utilization between canyon and slope during ontogeny","NPRB.2009.05.BS_GH_catch_Ichbase",1703444,2834597,"/Files/original/NPRB.2009.05/3party/NPRB.2009.05.BS_GH_catch_Ichbase"
370475,"0905 Habitat utilization between canyon and slope during ontogeny","NPRB.2009.05.BS_GH_catch_Ichbase",1702673,2834597,"/Files/062013/original/NPRB.2009.05/3party/NPRB.2009.05.BS_GH_catch_Ichbase"
370475,"0905 Habitat utilization between canyon and slope during ontogeny","NPRB.2009.05.BS_GH_lengths_Ichbase",1703455,313316,"/Files/original/NPRB.2009.05/3party/NPRB.2009.05.BS_GH_lengths_Ichbase"
370475,"0905 Habitat utilization between canyon and slope during ontogeny","NPRB.2009.05.BS_GH_lengths_Ichbase",1702684,313316,"/Files/062013/original/NPRB.2009.05/3party/NPRB.2009.05.BS_GH_lengths_Ichbase"
370475,"0905 Habitat utilization between canyon and slope during ontogeny","NPRB.2009.05.BS_PH_catch_Ichbase",1703462,6545033,"/Files/original/NPRB.2009.05/3party/NPRB.2009.05.BS_PH_catch_Ichbase"
370475,"0905 Habitat utilization between canyon and slope during ontogeny","NPRB.2009.05.BS_PH_catch_Ichbase",1702691,6545033,"/Files/062013/original/NPRB.2009.05/3party/NPRB.2009.05.BS_PH_catch_Ichbase"
370475,"0905 Habitat utilization between canyon and slope during ontogeny","NPRB.2009.05.BS_PH_lengths_Ichbase",1702657,199535,"/Files/062013/original/NPRB.2009.05/3party/NPRB.2009.05.BS_PH_lengths_Ichbase"
370475,"0905 Habitat utilization between canyon and slope during ontogeny","NPRB.2009.05.BS_PH_lengths_Ichbase",1703428,199535,"/Files/original/NPRB.2009.05/3party/NPRB.2009.05.BS_PH_lengths_Ichbase"
370475,"0905 Habitat utilization between canyon and slope during ontogeny","NPRB.2009.05.GHB_CPUE_Shelf",1702743,961865,"/Files/062013/original/NPRB.2009.05/3party/NPRB.2009.05.GHB_CPUE_Shelf"
370475,"0905 Habitat utilization between canyon and slope during ontogeny","NPRB.2009.05.GHB_CPUE_Shelf",1703514,961865,"/Files/original/NPRB.2009.05/3party/NPRB.2009.05.GHB_CPUE_Shelf"
370475,"0905 Habitat utilization between canyon and slope during ontogeny","NPRB.2009.05.GHB_Length_Shelf",1702716,1541569,"/Files/062013/original/NPRB.2009.05/3party/NPRB.2009.05.GHB_Length_Shelf"
370475,"0905 Habitat utilization between canyon and slope during ontogeny","NPRB.2009.05.GHB_Length_Shelf",1703487,1541569,"/Files/original/NPRB.2009.05/3party/NPRB.2009.05.GHB_Length_Shelf"
370475,"0905 Habitat utilization between canyon and slope during ontogeny","NPRB.2009.05.GH&PH_CPUE_Slope",1703469,191868,"/Files/original/NPRB.2009.05/3party/NPRB.2009.05.GH&PH_CPUE_Slope"
370475,"0905 Habitat utilization between canyon and slope during ontogeny","NPRB.2009.05.GH&PH_CPUE_Slope",1702698,191868,"/Files/062013/original/NPRB.2009.05/3party/NPRB.2009.05.GH&PH_CPUE_Slope"
370475,"0905 Habitat utilization between canyon and slope during ontogeny","NPRB.2009.05.GH&PH_CPUE_SlopeOld",1703478,278177,"/Files/original/NPRB.2009.05/3party/NPRB.2009.05.GH&PH_CPUE_SlopeOld"
370475,"0905 Habitat utilization between canyon and slope during ontogeny","NPRB.2009.05.GH&PH_CPUE_SlopeOld",1702707,278177,"/Files/062013/original/NPRB.2009.05/3party/NPRB.2009.05.GH&PH_CPUE_SlopeOld"
370475,"0905 Habitat utilization between canyon and slope during ontogeny","NPRB.2009.05.GH&PH_length_Slope",1703505,541349,"/Files/original/NPRB.2009.05/3party/NPRB.2009.05.GH&PH_length_Slope"
370475,"0905 Habitat utilization between canyon and slope during ontogeny","NPRB.2009.05.GH&PH_length_Slope",1702734,541349,"/Files/062013/original/NPRB.2009.05/3party/NPRB.2009.05.GH&PH_length_Slope"
370475,"0905 Habitat utilization between canyon and slope during ontogeny","NPRB.2009.05.GH&PH_length_SlopeOld",1702648,2714911,"/Files/062013/original/NPRB.2009.05/3party/NPRB.2009.05.GH&PH_length_SlopeOld"
370475,"0905 Habitat utilization between canyon and slope during ontogeny","NPRB.2009.05.GH&PH_length_SlopeOld",1703523,2714911,"/Files/original/NPRB.2009.05/3party/NPRB.2009.05.GH&PH_length_SlopeOld"
370475,"0905 Habitat utilization between canyon and slope during ontogeny","NPRB.2009.05.GH_Simulation_Output",1703329,176148823,"/Files/original/NPRB.2009.05/NPRB.2009.05.GH_Simulation_Output"
370475,"0905 Habitat utilization between canyon and slope during ontogeny","NPRB.2009.05.GH_Simulation_Output",1702549,176148823,"/Files/062013/original/NPRB.2009.05/NPRB.2009.05.GH_Simulation_Output"
370475,"0905 Habitat utilization between canyon and slope during ontogeny","NPRB.2009.05.GH_Successful_Settlement_Area",1702513,50482,"/Files/062013/original/NPRB.2009.05/NPRB.2009.05.GH_Successful_Settlement_Area"
370475,"0905 Habitat utilization between canyon and slope during ontogeny","NPRB.2009.05.GH_Successful_Settlement_Area",1703293,50482,"/Files/original/NPRB.2009.05/NPRB.2009.05.GH_Successful_Settlement_Area"
370475,"0905 Habitat utilization between canyon and slope during ontogeny","NPRB.2009.05.PHB_CPUE_Shelf",1703496,1784442,"/Files/original/NPRB.2009.05/3party/NPRB.2009.05.PHB_CPUE_Shelf"
370475,"0905 Habitat utilization between canyon and slope during ontogeny","NPRB.2009.05.PHB_CPUE_Shelf",1702725,1784442,"/Files/062013/original/NPRB.2009.05/3party/NPRB.2009.05.PHB_CPUE_Shelf"
370475,"0905 Habitat utilization between canyon and slope during ontogeny","NPRB.2009.05.PHB_Length_Shelf",1702664,5099129,"/Files/062013/original/NPRB.2009.05/3party/NPRB.2009.05.PHB_Length_Shelf"
370475,"0905 Habitat utilization between canyon and slope during ontogeny","NPRB.2009.05.PHB_Length_Shelf",1703435,5099129,"/Files/original/NPRB.2009.05/3party/NPRB.2009.05.PHB_Length_Shelf"
370475,"0905 Habitat utilization between canyon and slope during ontogeny","NPRB.2009.05.PH_Simulation_Output",1702597,169806252,"/Files/062013/original/NPRB.2009.05/NPRB.2009.05.PH_Simulation_Output"
370475,"0905 Habitat utilization between canyon and slope during ontogeny","NPRB.2009.05.PH_Simulation_Output",1703377,169806252,"/Files/original/NPRB.2009.05/NPRB.2009.05.PH_Simulation_Output"
370475,"0905 Habitat utilization between canyon and slope during ontogeny","NPRB.2009.05.PH_Successful_Settlement_Area",1702530,57575,"/Files/062013/original/NPRB.2009.05/NPRB.2009.05.PH_Successful_Settlement_Area"
370475,"0905 Habitat utilization between canyon and slope during ontogeny","NPRB.2009.05.PH_Successful_Settlement_Area",1703310,57575,"/Files/original/NPRB.2009.05/NPRB.2009.05.PH_Successful_Settlement_Area"
370475,"0905 Habitat utilization between canyon and slope during ontogeny","NPRB905_Metadata_Revised_Final_Mar29",1702214,1217900,"/Files/062013/NPRB905_Metadata_Revised_Final_Mar29"
370475,"0905 Habitat utilization between canyon and slope during ontogeny","original",1703069,573373709,"/Files/original"
370475,"0905 Habitat utilization between canyon and slope during ontogeny","original",1702283,573384973,"/Files/062013/original"
370475,"0905 Habitat utilization between canyon and slope during ontogeny","PHB_CPUE_Shelf",1702080,1716045,"/Files/published/data/PHB_CPUE_Shelf"
370475,"0905 Habitat utilization between canyon and slope during ontogeny","PHB_Length_Shelf",1702110,5041987,"/Files/published/data/PHB_Length_Shelf"
370475,"0905 Habitat utilization between canyon and slope during ontogeny","PH_Simulation_Output",1702011,169705198,"/Files/published/data/PH_Simulation_Output"
370475,"0905 Habitat utilization between canyon and slope during ontogeny","PH_Successful_Settlement_Area",1701991,14646,"/Files/published/data/PH_Successful_Settlement_Area"
370475,"0905 Habitat utilization between canyon and slope during ontogeny","published",1701901,546560466,"/Files/published"
370475,"0905 Habitat utilization between canyon and slope during ontogeny","revised",1702773,985742,"/Files/062013/revised"
370475,"0905 Habitat utilization between canyon and slope during ontogeny","Simulation outputs",1702985,200498,"/Files/062013/data/Simulation outputs"
370475,"0905 Habitat utilization between canyon and slope during ontogeny","Simulation outputs",1702489,26903,"/Files/062013/original/00.data/Simulation outputs"
370475,"0905 Habitat utilization between canyon and slope during ontogeny","Simulation outputs",1703253,26903,"/Files/original/00.data/Simulation outputs"
370475,"0905 Habitat utilization between canyon and slope during ontogeny","xml",1702176,325260,"/Files/published/xml"
370475,"0905 Habitat utilization between canyon and slope during ontogeny","zip",1701902,89174596,"/Files/published/zip"
370506,"0906 Octopus Field Studies","Files",370507,3157015,"/Files"
370506,"0906 Octopus Field Studies","Final report",2541630,815944,"/Final report"
370506,"0906 Octopus Field Studies","original",1703565,2840816,"/Files/original"
369731,"0907 Maturity of Aleutian Islands rockfish ","Files",369732,416777,"/Files"
369731,"0907 Maturity of Aleutian Islands rockfish ","Final report",2541334,945855,"/Final report"
369731,"0907 Maturity of Aleutian Islands rockfish ","original",1701607,300879,"/Files/original"
371924,"0908 Fine-scale genetic structure of NE GOA POP","calc_data",377899,1056256,"/Files/calc_data"
371924,"0908 Fine-scale genetic structure of NE GOA POP","data",377908,1678364,"/Files/data"
371924,"0908 Fine-scale genetic structure of NE GOA POP","Files",371925,11158689,"/Files"
371924,"0908 Fine-scale genetic structure of NE GOA POP","Final report",2541490,1132687,"/Final report"
366028,"0909 Cooperative & Noncooperative Management of Straddling Stocks","Files",366029,0,"/Files"
366028,"0909 Cooperative & Noncooperative Management of Straddling Stocks","Final report",2541310,0,"/Final report"
369745,"0910 Photo-id of Cook Inlet Beluga Whales","Files",369746,836177,"/Files"
369745,"0910 Photo-id of Cook Inlet Beluga Whales","Final report",2541394,11254213,"/Final report"
369745,"0910 Photo-id of Cook Inlet Beluga Whales","NPRB.2009.10.LEFT_Photo-id",1701645,385804,"/Files/NPRB.2009.10.LEFT_Photo-id"
369745,"0910 Photo-id of Cook Inlet Beluga Whales","original",1701638,362843,"/Files/original"
371790,"0911 Winter Ecology of Bering Sea Seabirds","data",1723631,794491957,"/Files/data"
371790,"0911 Winter Ecology of Bering Sea Seabirds","Files",371791,1162369877,"/Files"
371790,"0911 Winter Ecology of Bering Sea Seabirds","Final report",2541508,2481417,"/Final report"
371790,"0911 Winter Ecology of Bering Sea Seabirds","meta",1724529,221786,"/Files/meta"
371790,"0911 Winter Ecology of Bering Sea Seabirds","NPRB.2009.11.BLKI.Activity10min",1723632,153363822,"/Files/data/NPRB.2009.11.BLKI.Activity10min"
371790,"0911 Winter Ecology of Bering Sea Seabirds","NPRB.2009.11.BLKI.Activity3sec",1724442,53065740,"/Files/data/NPRB.2009.11.BLKI.Activity3sec"
371790,"0911 Winter Ecology of Bering Sea Seabirds","NPRB.2009.11.BLKI.DeploymentMatrix",1724522,151033,"/Files/data/NPRB.2009.11.BLKI.DeploymentMatrix"
371790,"0911 Winter Ecology of Bering Sea Seabirds","NPRB.2009.11.BLKI.Geolocations_Habitat",1724515,3919499,"/Files/data/NPRB.2009.11.BLKI.Geolocations_Habitat"
371790,"0911 Winter Ecology of Bering Sea Seabirds","NPRB.2009.11.BLKI.LightLevels",1724042,290821696,"/Files/data/NPRB.2009.11.BLKI.LightLevels"
371790,"0911 Winter Ecology of Bering Sea Seabirds","NPRB.2009.11.BLKI.Temperature",1723811,3666091,"/Files/data/NPRB.2009.11.BLKI.Temperature"
371790,"0911 Winter Ecology of Bering Sea Seabirds","NPRB.2009.11.StableIsotopes",1724028,116772,"/Files/data/NPRB.2009.11.StableIsotopes"
371790,"0911 Winter Ecology of Bering Sea Seabirds","NPRB.2009.11.TBMU.Daylog",1723884,2438916,"/Files/data/NPRB.2009.11.TBMU.Daylog"
371790,"0911 Winter Ecology of Bering Sea Seabirds","NPRB.2009.11.TBMU.DeploymentMatrix",1724035,138802,"/Files/data/NPRB.2009.11.TBMU.DeploymentMatrix"
371790,"0911 Winter Ecology of Bering Sea Seabirds","NPRB.2009.11.TBMU.GeolocationsHabitat",1724021,1771190,"/Files/data/NPRB.2009.11.TBMU.GeolocationsHabitat"
371790,"0911 Winter Ecology of Bering Sea Seabirds","NPRB.2009.11.TBMU.PressureLog",1724289,285038396,"/Files/data/NPRB.2009.11.TBMU.PressureLog"
371790,"0911 Winter Ecology of Bering Sea Seabirds","NPRB 911 - Winter Ecology - PHOTOS",1723479,84335662,"/Files/original/NPRB 911 - Winter Ecology - PHOTOS"
371790,"0911 Winter Ecology of Bering Sea Seabirds","NPRB 911 - Winter Ecology - PHOTOS",1723547,84335662,"/Files/supplement/NPRB 911 - Winter Ecology - PHOTOS"
371790,"0911 Winter Ecology of Bering Sea Seabirds","original",1723464,179709179,"/Files/original"
371790,"0911 Winter Ecology of Bering Sea Seabirds","supplement",1723546,84335662,"/Files/supplement"
371790,"0911 Winter Ecology of Bering Sea Seabirds","zip",1723604,103603097,"/Files/zip"
370452,"0912 Studying diets in threatened eiders","Files",370453,299916,"/Files"
370452,"0912 Studying diets in threatened eiders","Final report",2541624,21752763,"/Final report"
369766,"0913 Induction of Hematodinium in Tanner crabs","Files",369767,183536,"/Files"
369766,"0913 Induction of Hematodinium in Tanner crabs","Final report",2541335,2196165,"/Final report"
369766,"0913 Induction of Hematodinium in Tanner crabs","original",1701658,114494,"/Files/original"
370434,"0914 Trichinellosis in marine mammals and its transmission to man","Files",370435,92766,"/Files"
370434,"0914 Trichinellosis in marine mammals and its transmission to man","Final report",2541437,2072258,"/Final report"
371438,"0915 Disease severity in Chinook salmon during marine migration","Files",371439,2224800,"/Files"
371438,"0915 Disease severity in Chinook salmon during marine migration","Final report",2541465,351348,"/Final report"
371438,"0915 Disease severity in Chinook salmon during marine migration","original",1703591,1306477,"/Files/original"
369779,"0916 Lake Iliamna Freshwater Seal Study","Files",369780,272528,"/Files"
369779,"0916 Lake Iliamna Freshwater Seal Study","Final report",2541395,3013090,"/Final report"
369779,"0916 Lake Iliamna Freshwater Seal Study","original",1701677,168701,"/Files/original"
369802,"0917 Reducing bycatch mortality in commercial crab fisheries ","additional.not described",1701686,2641908,"/Files/additional.not described"
369802,"0917 Reducing bycatch mortality in commercial crab fisheries ","Files",369803,8644365,"/Files"
369802,"0917 Reducing bycatch mortality in commercial crab fisheries ","Final report",2541613,119995,"/Final report"
369802,"0917 Reducing bycatch mortality in commercial crab fisheries ","original",1701693,5528029,"/Files/original"
367950,"0918 Sperm whale depredation","030_1stdeployment_06112009_06122009_GOOD",1659482,1701419408,"/Files/data/SEASWAP_2009/BProbe_Tag/Trip1/030_1stdeployment_06112009_06122009_GOOD"
367950,"0918 Sperm whale depredation","030.dir",1661488,16263,"/Files/data/Tagging/SEASWAP_2007/Bprobe_Tag/July17.dir/030.dir"
367950,"0918 Sperm whale depredation","030.dir",1662066,95152,"/Files/data/Tagging/SEASWAP_2007/Bprobe_Tag/July18.dir/AnchorJig.dir/030.dir"
367950,"0918 Sperm whale depredation","031",1660286,60150207,"/Files/data/SEASWAP_2009/BProbe_Tag/Trip2/Trip2_Cast_06202009/031"
367950,"0918 Sperm whale depredation","031_1stdeployment_06122009_Failed",1659365,46897176,"/Files/data/SEASWAP_2009/BProbe_Tag/Trip1/031_1stdeployment_06122009_Failed"
367950,"0918 Sperm whale depredation","031_2stdeployment_06152009_Failed",1659464,27662801,"/Files/data/SEASWAP_2009/BProbe_Tag/Trip1/031_2stdeployment_06152009_Failed"
367950,"0918 Sperm whale depredation","031_fail.dir",1661464,316633,"/Files/data/Tagging/SEASWAP_2007/Bprobe_Tag/July21.dir/031_fail.dir"
367950,"0918 Sperm whale depredation","032_1stdeployment_06132009_Failed",1659327,32566892,"/Files/data/SEASWAP_2009/BProbe_Tag/Trip1/032_1stdeployment_06132009_Failed"
367950,"0918 Sperm whale depredation","032.dir",1662043,102694,"/Files/data/Tagging/SEASWAP_2007/Bprobe_Tag/July18.dir/AnchorJig.dir/032.dir"
367950,"0918 Sperm whale depredation","035_1stdeployment_GOOD",1659970,896380127,"/Files/data/SEASWAP_2009/BProbe_Tag/Trip1/035_1stdeployment_GOOD"
367950,"0918 Sperm whale depredation","037",1660328,62447228,"/Files/data/SEASWAP_2009/BProbe_Tag/Trip2/Trip2_Cast_06202009/037"
367950,"0918 Sperm whale depredation","037_1stdeployment_06122009_Failed4thdive",1660041,204393753,"/Files/data/SEASWAP_2009/BProbe_Tag/Trip1/037_1stdeployment_06122009_Failed4thdive"
367950,"0918 Sperm whale depredation","037_2nddeployment_06142009_GOOD",1659405,498145585,"/Files/data/SEASWAP_2009/BProbe_Tag/Trip1/037_2nddeployment_06142009_GOOD"
367950,"0918 Sperm whale depredation","08152010_BProbe032",1661023,271636657,"/Files/data/SEASWAP_2010/BProbe/Trip2/08152010_BProbe032"
367950,"0918 Sperm whale depredation","1-SC-09-05",1660834,2388473,"/Files/data/SEASWAP_2009/DST_Tag/1-SC-09-05"
367950,"0918 Sperm whale depredation","2-SC-09-06",1660763,1873807,"/Files/data/SEASWAP_2009/DST_Tag/2-SC-09-06"
367950,"0918 Sperm whale depredation","2-SC-09-08",1660845,3567846,"/Files/data/SEASWAP_2009/DST_Tag/2-SC-09-08"
367950,"0918 Sperm whale depredation","3-SC-09-01",1660856,3309111,"/Files/data/SEASWAP_2009/DST_Tag/3-SC-09-01"
367950,"0918 Sperm whale depredation","3-SC-09-09",1660790,3350192,"/Files/data/SEASWAP_2009/DST_Tag/3-SC-09-09"
367950,"0918 Sperm whale depredation","3-SC-09-10",1660801,3678292,"/Files/data/SEASWAP_2009/DST_Tag/3-SC-09-10"
367950,"0918 Sperm whale depredation","4-SC-09-04",1660871,1071747,"/Files/data/SEASWAP_2009/DST_Tag/4-SC-09-04"
367950,"0918 Sperm whale depredation","5-SC-09-11",1660779,4454982,"/Files/data/SEASWAP_2009/DST_Tag/5-SC-09-11"
367950,"0918 Sperm whale depredation","6-SC-09-07",1660812,4280649,"/Files/data/SEASWAP_2009/DST_Tag/6-SC-09-07"
367950,"0918 Sperm whale depredation","9-SC-09-12",1660823,4363576,"/Files/data/SEASWAP_2009/DST_Tag/9-SC-09-12"
367950,"0918 Sperm whale depredation","acc_X",1661911,144566,"/Files/data/Tagging/SEASWAP_2007/Bprobe_Tag/July18.dir/Bprobe035/acc_X"
367950,"0918 Sperm whale depredation","acc_X",1662331,46992,"/Files/data/Tagging/SEASWAP_2007/Bprobe_Tag/July20.dir/Bprobe031/acc_X"
367950,"0918 Sperm whale depredation","acc_X",1662685,54156,"/Files/data/Tagging/SEASWAP_2007/Bprobe_Tag/July20.dir/Bprobe035/acc_X"
367950,"0918 Sperm whale depredation","acc_X",1662017,44038,"/Files/data/Tagging/SEASWAP_2007/Bprobe_Tag/July18.dir/Bprobe037/acc_X"
367950,"0918 Sperm whale depredation","acc_X",1662843,303192,"/Files/data/Tagging/SEASWAP_2007/Bprobe_Tag/July20.dir/Bprobe030/acc_X"
367950,"0918 Sperm whale depredation","acc_X",1662828,115480,"/Files/data/Tagging/SEASWAP_2007/Bprobe_Tag/July20.dir/Bprobe037/acc_X"
367950,"0918 Sperm whale depredation","acc_X",1661767,334592,"/Files/data/Tagging/SEASWAP_2007/Bprobe_Tag/July17.dir/Bprobe031/acc_X"
367950,"0918 Sperm whale depredation","acc_X",1662606,135392,"/Files/data/Tagging/SEASWAP_2007/Bprobe_Tag/July20.dir/Bprobe032/acc_X"
367950,"0918 Sperm whale depredation","AccX",1660012,229382,"/Files/data/SEASWAP_2009/BProbe_Tag/Trip1/035_1stdeployment_GOOD/AccX"
367950,"0918 Sperm whale depredation","AccX",1659366,16384,"/Files/data/SEASWAP_2009/BProbe_Tag/Trip1/031_1stdeployment_06122009_Failed/AccX"
367950,"0918 Sperm whale depredation","AccX",1660681,25316,"/Files/data/SEASWAP_2009/BProbe_Tag/Trip4/Trip4_030_06292009_Failed/AccX"
367950,"0918 Sperm whale depredation","AccX",1659941,221692,"/Files/data/SEASWAP_2009/BProbe_Tag/Trip1/030_1stdeployment_06112009_06122009_GOOD/AccX"
367950,"0918 Sperm whale depredation","AccX",1660238,262366,"/Files/data/SEASWAP_2009/BProbe_Tag/Trip2/Trip2_035_GOOD/AccX"
367950,"0918 Sperm whale depredation","AccX",1659443,81896,"/Files/data/SEASWAP_2009/BProbe_Tag/Trip1/037_2nddeployment_06142009_GOOD/AccX"
367950,"0918 Sperm whale depredation","AccX",1660640,88054,"/Files/data/SEASWAP_2009/BProbe_Tag/Trip3/Trip3_037_Unit3_600m_06262009/AccX"
367950,"0918 Sperm whale depredation","AccX",1660049,27986,"/Files/data/SEASWAP_2009/BProbe_Tag/Trip1/037_1stdeployment_06122009_Failed4thdive/AccX"
367950,"0918 Sperm whale depredation","AccX",1660380,89410,"/Files/data/SEASWAP_2009/BProbe_Tag/Trip2/Trip2_031_06202009_Unit3_600m/AccX"
367950,"0918 Sperm whale depredation","AccX",1660329,8138,"/Files/data/SEASWAP_2009/BProbe_Tag/Trip2/Trip2_Cast_06202009/037/AccX"
367950,"0918 Sperm whale depredation","AccX",1660162,4716,"/Files/data/SEASWAP_2009/BProbe_Tag/Trip2/Trip2_030_06212009_Failed/AccX"
367950,"0918 Sperm whale depredation","AccX",1659358,11020,"/Files/data/SEASWAP_2009/BProbe_Tag/Trip1/032_1stdeployment_06132009_Failed/AccX"
367950,"0918 Sperm whale depredation","AccX",1660603,88260,"/Files/data/SEASWAP_2009/BProbe_Tag/Trip3/Trip3_031_Unit3_600m_06262009/AccX"
367950,"0918 Sperm whale depredation","AccX",1660292,7858,"/Files/data/SEASWAP_2009/BProbe_Tag/Trip2/Trip2_Cast_06202009/031/AccX"
367950,"0918 Sperm whale depredation","AccX",1660749,14208,"/Files/data/SEASWAP_2009/BProbe_Tag/Trip4/Trip4_035_06302009_Failed/AccX"
367950,"0918 Sperm whale depredation","acc_Y",1661778,334592,"/Files/data/Tagging/SEASWAP_2007/Bprobe_Tag/July17.dir/Bprobe031/acc_Y"
367950,"0918 Sperm whale depredation","acc_Y",1662334,46992,"/Files/data/Tagging/SEASWAP_2007/Bprobe_Tag/July20.dir/Bprobe031/acc_Y"
367950,"0918 Sperm whale depredation","acc_Y",1662835,115480,"/Files/data/Tagging/SEASWAP_2007/Bprobe_Tag/July20.dir/Bprobe037/acc_Y"
367950,"0918 Sperm whale depredation","acc_Y",1662852,303192,"/Files/data/Tagging/SEASWAP_2007/Bprobe_Tag/July20.dir/Bprobe030/acc_Y"
367950,"0918 Sperm whale depredation","acc_Y",1662690,54156,"/Files/data/Tagging/SEASWAP_2007/Bprobe_Tag/July20.dir/Bprobe035/acc_Y"
367950,"0918 Sperm whale depredation","acc_Y",1662020,44038,"/Files/data/Tagging/SEASWAP_2007/Bprobe_Tag/July18.dir/Bprobe037/acc_Y"
367950,"0918 Sperm whale depredation","acc_Y",1661918,144566,"/Files/data/Tagging/SEASWAP_2007/Bprobe_Tag/July18.dir/Bprobe035/acc_Y"
367950,"0918 Sperm whale depredation","acc_Y",1662613,135392,"/Files/data/Tagging/SEASWAP_2007/Bprobe_Tag/July20.dir/Bprobe032/acc_Y"
367950,"0918 Sperm whale depredation","AccY",1659400,16384,"/Files/data/SEASWAP_2009/BProbe_Tag/Trip1/031_1stdeployment_06122009_Failed/AccY"
367950,"0918 Sperm whale depredation","AccY",1660155,4716,"/Files/data/SEASWAP_2009/BProbe_Tag/Trip2/Trip2_030_06212009_Failed/AccY"
367950,"0918 Sperm whale depredation","AccY",1659997,229382,"/Files/data/SEASWAP_2009/BProbe_Tag/Trip1/035_1stdeployment_GOOD/AccY"
367950,"0918 Sperm whale depredation","AccY",1659926,221692,"/Files/data/SEASWAP_2009/BProbe_Tag/Trip1/030_1stdeployment_06112009_06122009_GOOD/AccY"
367950,"0918 Sperm whale depredation","AccY",1660042,27984,"/Files/data/SEASWAP_2009/BProbe_Tag/Trip1/037_1stdeployment_06122009_Failed4thdive/AccY"
367950,"0918 Sperm whale depredation","AccY",1660219,262366,"/Files/data/SEASWAP_2009/BProbe_Tag/Trip2/Trip2_035_GOOD/AccY"
367950,"0918 Sperm whale depredation","AccY",1660367,8138,"/Files/data/SEASWAP_2009/BProbe_Tag/Trip2/Trip2_Cast_06202009/037/AccY"
367950,"0918 Sperm whale depredation","AccY",1660373,89410,"/Files/data/SEASWAP_2009/BProbe_Tag/Trip2/Trip2_031_06202009_Unit3_600m/AccY"
367950,"0918 Sperm whale depredation","AccY",1659430,81896,"/Files/data/SEASWAP_2009/BProbe_Tag/Trip1/037_2nddeployment_06142009_GOOD/AccY"
367950,"0918 Sperm whale depredation","AccY",1660676,25316,"/Files/data/SEASWAP_2009/BProbe_Tag/Trip4/Trip4_030_06292009_Failed/AccY"
367950,"0918 Sperm whale depredation","AccY",1660740,14208,"/Files/data/SEASWAP_2009/BProbe_Tag/Trip4/Trip4_035_06302009_Failed/AccY"
367950,"0918 Sperm whale depredation","AccY",1660633,88054,"/Files/data/SEASWAP_2009/BProbe_Tag/Trip3/Trip3_037_Unit3_600m_06262009/AccY"
367950,"0918 Sperm whale depredation","AccY",1660287,7858,"/Files/data/SEASWAP_2009/BProbe_Tag/Trip2/Trip2_Cast_06202009/031/AccY"
367950,"0918 Sperm whale depredation","AccY",1660596,88260,"/Files/data/SEASWAP_2009/BProbe_Tag/Trip3/Trip3_031_Unit3_600m_06262009/AccY"
367950,"0918 Sperm whale depredation","AccY",1659353,11020,"/Files/data/SEASWAP_2009/BProbe_Tag/Trip1/032_1stdeployment_06132009_Failed/AccY"
367950,"0918 Sperm whale depredation","AcousticDecoy",1663186,28782935349,"/Files/data/SEASWAP_2011/AcousticDecoy"
367950,"0918 Sperm whale depredation","AnchorJig.dir",1662042,197846,"/Files/data/Tagging/SEASWAP_2007/Bprobe_Tag/July18.dir/AnchorJig.dir"
367950,"0918 Sperm whale depredation","Animal4.dir",1661421,6477326,"/Files/data/Tagging/SEASWAP_2007/Bprobe_Tag/July16.dir/Animal4.dir"
367950,"0918 Sperm whale depredation","August12th_to_August13th",1661140,125344,"/Files/data/SEASWAP_2010/HOBO_Inclinometers/SN_836/Trip2/August12th_to_August13th"
367950,"0918 Sperm whale depredation","August12th_to_August13th",1661158,125071,"/Files/data/SEASWAP_2010/HOBO_Inclinometers/SN_837/Trip2/August12th_to_August13th"
367950,"0918 Sperm whale depredation","August12th_to_August13th",1661251,7559806851,"/Files/data/SEASWAP_2010/VerticalArray/Unit7/Trip2/August12th_to_August13th"
367950,"0918 Sperm whale depredation","August12th_to_August13th",1661338,7559795539,"/Files/data/SEASWAP_2010/VerticalArray/Unit5/Trip2/August12th_to_August13th"
367950,"0918 Sperm whale depredation","August12th_to_August13th",1661266,7559831011,"/Files/data/SEASWAP_2010/VerticalArray/Unit3/Trip2/August12th_to_August13th"
367950,"0918 Sperm whale depredation","August15th_to_August17th",1661153,201480,"/Files/data/SEASWAP_2010/HOBO_Inclinometers/SN_837/Trip2/August15th_to_August17th"
367950,"0918 Sperm whale depredation","August15th_to_August17th",1661135,198473,"/Files/data/SEASWAP_2010/HOBO_Inclinometers/SN_836/Trip2/August15th_to_August17th"
367950,"0918 Sperm whale depredation","August15th_to_August17th",1661203,13917740782,"/Files/data/SEASWAP_2010/VerticalArray/Unit7/Trip2/August15th_to_August17th"
367950,"0918 Sperm whale depredation","August15th_to_August17th",1661351,14089256362,"/Files/data/SEASWAP_2010/VerticalArray/Unit5/Trip2/August15th_to_August17th"
367950,"0918 Sperm whale depredation","August16toAug19_KendallCobra_AcousticDecoy",1663286,3599972788,"/Files/data/SEASWAP_2011/AcousticDecoy/Unit8/August16toAug19_KendallCobra_AcousticDecoy"
367950,"0918 Sperm whale depredation","August16toAug19_KendallCobra_AcousticDecoy",1663193,7200180543,"/Files/data/SEASWAP_2011/AcousticDecoy/Unit5/August16toAug19_KendallCobra_AcousticDecoy"
367950,"0918 Sperm whale depredation","August16toAug19_KendallCobra_AcousticDecoy",1663225,7856754703,"/Files/data/SEASWAP_2011/AcousticDecoy/Unit2/August16toAug19_KendallCobra_AcousticDecoy"
367950,"0918 Sperm whale depredation","August5th_to August7th",1661285,12904316902,"/Files/data/SEASWAP_2010/VerticalArray/Unit3/Trip1/August5th_to August7th"
367950,"0918 Sperm whale depredation","August5th_to_August7th",1661177,13079595926,"/Files/data/SEASWAP_2010/VerticalArray/Unit7/Trip1/August5th_to_August7th"
367950,"0918 Sperm whale depredation","August5th_to_August7th",1661129,206992,"/Files/data/SEASWAP_2010/HOBO_Inclinometers/SN_836/Trip1/August5th_to_August7th"
367950,"0918 Sperm whale depredation","August5th_to_August7th",1661312,13405421878,"/Files/data/SEASWAP_2010/VerticalArray/Unit5/Trip1/August5th_to_August7th"
367950,"0918 Sperm whale depredation","August5th_to_August7th",1661147,206864,"/Files/data/SEASWAP_2010/HOBO_Inclinometers/SN_837/Trip1/August5th_to_August7th"
367950,"0918 Sperm whale depredation","August7th",1661280,2767219873,"/Files/data/SEASWAP_2010/VerticalArray/Unit3/Trip1/August7th"
367950,"0918 Sperm whale depredation","Black_GPS",1661013,95051,"/Files/data/SEASWAP_2010/GPS/Trip1_August5th2010/Black_GPS"
367950,"0918 Sperm whale depredation","BProbe",1661021,271928847,"/Files/data/SEASWAP_2010/BProbe"
367950,"0918 Sperm whale depredation","Bprobe030",1662842,1180468622,"/Files/data/Tagging/SEASWAP_2007/Bprobe_Tag/July20.dir/Bprobe030"
367950,"0918 Sperm whale depredation","Bprobe031",1661499,505993957,"/Files/data/Tagging/SEASWAP_2007/Bprobe_Tag/July17.dir/Bprobe031"
367950,"0918 Sperm whale depredation","Bprobe031",1662270,186194804,"/Files/data/Tagging/SEASWAP_2007/Bprobe_Tag/July20.dir/Bprobe031"
367950,"0918 Sperm whale depredation","Bprobe032",1662341,1221842064,"/Files/data/Tagging/SEASWAP_2007/Bprobe_Tag/July20.dir/Bprobe032"
367950,"0918 Sperm whale depredation","Bprobe035",1662646,132944099,"/Files/data/Tagging/SEASWAP_2007/Bprobe_Tag/July20.dir/Bprobe035"
367950,"0918 Sperm whale depredation","Bprobe035",1661792,457217400,"/Files/data/Tagging/SEASWAP_2007/Bprobe_Tag/July18.dir/Bprobe035"
367950,"0918 Sperm whale depredation","Bprobe037",1661946,256090866,"/Files/data/Tagging/SEASWAP_2007/Bprobe_Tag/July18.dir/Bprobe037"
367950,"0918 Sperm whale depredation","Bprobe037",1662705,442867518,"/Files/data/Tagging/SEASWAP_2007/Bprobe_Tag/July20.dir/Bprobe037"
367950,"0918 Sperm whale depredation","Bprobe_Tag",1661419,4416079481,"/Files/data/Tagging/SEASWAP_2007/Bprobe_Tag"
367950,"0918 Sperm whale depredation","BProbe_Tag",1659325,5357854696,"/Files/data/SEASWAP_2009/BProbe_Tag"
367950,"0918 Sperm whale depredation","CameraDeployment_1310.dir",1662230,180437,"/Files/data/Tagging/SEASWAP_2007/Bprobe_Tag/July19.dir/CameraDeployment_1310.dir"
367950,"0918 Sperm whale depredation","CameraDeployments_all.dir",1662166,283575,"/Files/data/Tagging/SEASWAP_2007/Bprobe_Tag/July19.dir/CameraDeployments_all.dir"
367950,"0918 Sperm whale depredation","data",1659300,132581326101,"/Files/data"
367950,"0918 Sperm whale depredation","DepthTest1.dir",1662213,64392,"/Files/data/Tagging/SEASWAP_2007/Bprobe_Tag/July19.dir/DepthTest1.dir"
367950,"0918 Sperm whale depredation","DST_Tag",1660762,36962642,"/Files/data/SEASWAP_2009/DST_Tag"
367950,"0918 Sperm whale depredation","Energy_Detector_Processed",1661372,169001731,"/Files/data/SEASWAP_2010/VerticalArray/Unit5/Trip2/August15th_to_August17th/Energy_Detector_Processed"
367950,"0918 Sperm whale depredation","Energy_Detector_Processed",1661224,190980524,"/Files/data/SEASWAP_2010/VerticalArray/Unit7/Trip2/August15th_to_August17th/Energy_Detector_Processed"
367950,"0918 Sperm whale depredation","Files",367951,132581775806,"/Files"
367950,"0918 Sperm whale depredation","Final report",2541497,15035650,"/Final report"
367950,"0918 Sperm whale depredation","generatingfiles",1660903,14797,"/Files/data/SEASWAP_2009/PlaybackDevice/generatingfiles"
367950,"0918 Sperm whale depredation","GPS",1660984,766389,"/Files/data/SEASWAP_2010/GPS"
367950,"0918 Sperm whale depredation","Grey_GPS",1661016,32469,"/Files/data/SEASWAP_2010/GPS/Trip1_August5th2010/Grey_GPS"
367950,"0918 Sperm whale depredation","HOBO_Inclinometers",1661126,1064224,"/Files/data/SEASWAP_2010/HOBO_Inclinometers"
367950,"0918 Sperm whale depredation","I0224",1660882,2446870,"/Files/data/SEASWAP_2009/DST_Tag/I0224"
367950,"0918 Sperm whale depredation","I0225",1660895,1541621,"/Files/data/SEASWAP_2009/DST_Tag/I0225"
367950,"0918 Sperm whale depredation","I0226",1660774,635476,"/Files/data/SEASWAP_2009/DST_Tag/I0226"
367950,"0918 Sperm whale depredation","Jan_GPS",1661002,53561,"/Files/data/SEASWAP_2010/GPS/Trip1_August7th/Jan_GPS"
367950,"0918 Sperm whale depredation","Jan_GPS",1661008,19054,"/Files/data/SEASWAP_2010/GPS/Trip1_August5th2010/Jan_GPS"
367950,"0918 Sperm whale depredation","John",1660985,466040,"/Files/data/SEASWAP_2010/GPS/John"
367950,"0918 Sperm whale depredation","July14.dir",1662089,380822,"/Files/data/Tagging/SEASWAP_2007/Bprobe_Tag/July14.dir"
367950,"0918 Sperm whale depredation","July15.dir",1662122,22154899,"/Files/data/Tagging/SEASWAP_2007/Bprobe_Tag/July15.dir"
367950,"0918 Sperm whale depredation","July16.dir",1661420,8863910,"/Files/data/Tagging/SEASWAP_2007/Bprobe_Tag/July16.dir"
367950,"0918 Sperm whale depredation","July17.dir",1661487,506010220,"/Files/data/Tagging/SEASWAP_2007/Bprobe_Tag/July17.dir"
367950,"0918 Sperm whale depredation","July18.dir",1661791,713506112,"/Files/data/Tagging/SEASWAP_2007/Bprobe_Tag/July18.dir"
367950,"0918 Sperm whale depredation","July19.dir",1662165,529778,"/Files/data/Tagging/SEASWAP_2007/Bprobe_Tag/July19.dir"
367950,"0918 Sperm whale depredation","July20.dir",1662269,3164317107,"/Files/data/Tagging/SEASWAP_2007/Bprobe_Tag/July20.dir"
367950,"0918 Sperm whale depredation","July21.dir",1661463,316633,"/Files/data/Tagging/SEASWAP_2007/Bprobe_Tag/July21.dir"
367950,"0918 Sperm whale depredation","Laurel_metadata",1663164,237755,"/Files/data/Laurel_metadata"
367950,"0918 Sperm whale depredation","Matlab_Scripts",1663155,5959,"/Files/data/Tagging/Matlab_Scripts"
367950,"0918 Sperm whale depredation","Myriad_VerticalArray_Decoy_Aug11",1663188,3359375588,"/Files/data/SEASWAP_2011/AcousticDecoy/Unit5/Myriad_VerticalArray_Decoy_Aug11"
367950,"0918 Sperm whale depredation","Myriad_VerticalArray_Decoy_Aug11",1663257,3387435187,"/Files/data/SEASWAP_2011/AcousticDecoy/Unit8/Myriad_VerticalArray_Decoy_Aug11"
367950,"0918 Sperm whale depredation","Myriad_VerticalArray_Decoy_Aug11",1663205,3379216540,"/Files/data/SEASWAP_2011/AcousticDecoy/Unit2/Myriad_VerticalArray_Decoy_Aug11"
367950,"0918 Sperm whale depredation","original",1663315,199392,"/Files/original"
367950,"0918 Sperm whale depredation","PlaybackDevice",1660902,861357204,"/Files/data/SEASWAP_2009/PlaybackDevice"
367950,"0918 Sperm whale depredation","playbackinformation",1660922,7357,"/Files/data/SEASWAP_2009/PlaybackDevice/playbackinformation"
367950,"0918 Sperm whale depredation","pressure",1662863,303192,"/Files/data/Tagging/SEASWAP_2007/Bprobe_Tag/July20.dir/Bprobe030/pressure"
367950,"0918 Sperm whale depredation","pressure",1662271,46992,"/Files/data/Tagging/SEASWAP_2007/Bprobe_Tag/July20.dir/Bprobe031/pressure"
367950,"0918 Sperm whale depredation","pressure",1662633,270784,"/Files/data/Tagging/SEASWAP_2007/Bprobe_Tag/July20.dir/Bprobe032/pressure"
367950,"0918 Sperm whale depredation","pressure",1662029,44038,"/Files/data/Tagging/SEASWAP_2007/Bprobe_Tag/July18.dir/Bprobe037/pressure"
367950,"0918 Sperm whale depredation","pressure",1661929,144566,"/Files/data/Tagging/SEASWAP_2007/Bprobe_Tag/July18.dir/Bprobe035/pressure"
367950,"0918 Sperm whale depredation","pressure",1661500,438504,"/Files/data/Tagging/SEASWAP_2007/Bprobe_Tag/July17.dir/Bprobe031/pressure"
367950,"0918 Sperm whale depredation","pressure",1662695,54156,"/Files/data/Tagging/SEASWAP_2007/Bprobe_Tag/July20.dir/Bprobe035/pressure"
367950,"0918 Sperm whale depredation","pressure",1662706,115480,"/Files/data/Tagging/SEASWAP_2007/Bprobe_Tag/July20.dir/Bprobe037/pressure"
367950,"0918 Sperm whale depredation","Pressure",1660623,88054,"/Files/data/SEASWAP_2009/BProbe_Tag/Trip3/Trip3_037_Unit3_600m_06262009/Pressure"
367950,"0918 Sperm whale depredation","Pressure",1660131,27984,"/Files/data/SEASWAP_2009/BProbe_Tag/Trip1/037_1stdeployment_06122009_Failed4thdive/Pressure"
367950,"0918 Sperm whale depredation","Pressure",1659394,16384,"/Files/data/SEASWAP_2009/BProbe_Tag/Trip1/031_1stdeployment_06122009_Failed/Pressure"
367950,"0918 Sperm whale depredation","Pressure",1660724,14208,"/Files/data/SEASWAP_2009/BProbe_Tag/Trip4/Trip4_035_06302009_Failed/Pressure"
367950,"0918 Sperm whale depredation","Pressure",1660668,25316,"/Files/data/SEASWAP_2009/BProbe_Tag/Trip4/Trip4_030_06292009_Failed/Pressure"
367950,"0918 Sperm whale depredation","Pressure",1660586,88260,"/Files/data/SEASWAP_2009/BProbe_Tag/Trip3/Trip3_031_Unit3_600m_06262009/Pressure"
367950,"0918 Sperm whale depredation","Pressure",1660322,7858,"/Files/data/SEASWAP_2009/BProbe_Tag/Trip2/Trip2_Cast_06202009/031/Pressure"
367950,"0918 Sperm whale depredation","Pressure",1660145,4716,"/Files/data/SEASWAP_2009/BProbe_Tag/Trip2/Trip2_030_06212009_Failed/Pressure"
367950,"0918 Sperm whale depredation","Pressure",1659420,81896,"/Files/data/SEASWAP_2009/BProbe_Tag/Trip1/037_2nddeployment_06142009_GOOD/Pressure"
367950,"0918 Sperm whale depredation","Pressure",1659973,229382,"/Files/data/SEASWAP_2009/BProbe_Tag/Trip1/035_1stdeployment_GOOD/Pressure"
367950,"0918 Sperm whale depredation","Pressure",1659898,221692,"/Files/data/SEASWAP_2009/BProbe_Tag/Trip1/030_1stdeployment_06112009_06122009_GOOD/Pressure"
367950,"0918 Sperm whale depredation","Pressure",1659345,11020,"/Files/data/SEASWAP_2009/BProbe_Tag/Trip1/032_1stdeployment_06132009_Failed/Pressure"
367950,"0918 Sperm whale depredation","Pressure",1660570,89410,"/Files/data/SEASWAP_2009/BProbe_Tag/Trip2/Trip2_031_06202009_Unit3_600m/Pressure"
367950,"0918 Sperm whale depredation","Pressure",1660361,8138,"/Files/data/SEASWAP_2009/BProbe_Tag/Trip2/Trip2_Cast_06202009/037/Pressure"
367950,"0918 Sperm whale depredation","Pressure",1660193,262366,"/Files/data/SEASWAP_2009/BProbe_Tag/Trip2/Trip2_035_GOOD/Pressure"
367950,"0918 Sperm whale depredation","PressureTest.dir",1661434,2386584,"/Files/data/Tagging/SEASWAP_2007/Bprobe_Tag/July16.dir/PressureTest.dir"
367950,"0918 Sperm whale depredation","SBE39",1661163,4851636,"/Files/data/SEASWAP_2010/SBE39"
367950,"0918 Sperm whale depredation","SBE39_Data",1659302,4137887,"/Files/data/SEASWAP_2009/SBE39_Data"
367950,"0918 Sperm whale depredation","SEASWAP_2007",1661418,4416079481,"/Files/data/Tagging/SEASWAP_2007"
367950,"0918 Sperm whale depredation","SEASWAP_2009",1659301,6260387825,"/Files/data/SEASWAP_2009"
367950,"0918 Sperm whale depredation","SEASWAP_2010",1660983,93121602368,"/Files/data/SEASWAP_2010"
367950,"0918 Sperm whale depredation","SEASWAP_2011",1663185,28782941497,"/Files/data/SEASWAP_2011"
367950,"0918 Sperm whale depredation","SN_836",1661127,530809,"/Files/data/SEASWAP_2010/HOBO_Inclinometers/SN_836"
367950,"0918 Sperm whale depredation","SN_837",1661145,533415,"/Files/data/SEASWAP_2010/HOBO_Inclinometers/SN_837"
367950,"0918 Sperm whale depredation","sound",1662879,584001514,"/Files/data/Tagging/SEASWAP_2007/Bprobe_Tag/July20.dir/Bprobe030/sound"
367950,"0918 Sperm whale depredation","sound",1661947,124909568,"/Files/data/Tagging/SEASWAP_2007/Bprobe_Tag/July18.dir/Bprobe037/sound"
367950,"0918 Sperm whale depredation","sound",1662284,92908032,"/Files/data/Tagging/SEASWAP_2007/Bprobe_Tag/July20.dir/Bprobe031/sound"
367950,"0918 Sperm whale depredation","sound",1661793,227563700,"/Files/data/Tagging/SEASWAP_2007/Bprobe_Tag/July18.dir/Bprobe035/sound"
367950,"0918 Sperm whale depredation","sound",1661519,504381598,"/Files/data/Tagging/SEASWAP_2007/Bprobe_Tag/July17.dir/Bprobe031/sound"
367950,"0918 Sperm whale depredation","sound",1662718,442402776,"/Files/data/Tagging/SEASWAP_2007/Bprobe_Tag/July20.dir/Bprobe037/sound"
367950,"0918 Sperm whale depredation","sound",1662647,132725764,"/Files/data/Tagging/SEASWAP_2007/Bprobe_Tag/July20.dir/Bprobe035/sound"
367950,"0918 Sperm whale depredation","Sound",1660307,30043116,"/Files/data/SEASWAP_2009/BProbe_Tag/Trip2/Trip2_Cast_06202009/031/Sound"
367950,"0918 Sperm whale depredation","Sound",1660074,117853652,"/Files/data/SEASWAP_2009/BProbe_Tag/Trip1/037_1stdeployment_06122009_Failed4thdive/Sound"
367950,"0918 Sperm whale depredation","Sound",1660344,31190506,"/Files/data/SEASWAP_2009/BProbe_Tag/Trip2/Trip2_Cast_06202009/037/Sound"
367950,"0918 Sperm whale depredation","Sound",1659471,13829098,"/Files/data/SEASWAP_2009/BProbe_Tag/Trip1/031_2stdeployment_06152009_Failed/Sound"
367950,"0918 Sperm whale depredation","Sound",1660653,30821376,"/Files/data/SEASWAP_2009/BProbe_Tag/Trip4/Trip4_030_06292009_Failed/Sound"
367950,"0918 Sperm whale depredation","Sound",1662353,548308970,"/Files/data/Tagging/SEASWAP_2007/Bprobe_Tag/July20.dir/Bprobe032/Sound"
367950,"0918 Sperm whale depredation","Sound",1660403,362029548,"/Files/data/SEASWAP_2009/BProbe_Tag/Trip2/Trip2_031_06202009_Unit3_600m/Sound"
367950,"0918 Sperm whale depredation","Sound",1659336,16238592,"/Files/data/SEASWAP_2009/BProbe_Tag/Trip1/032_1stdeployment_06132009_Failed/Sound"
367950,"0918 Sperm whale depredation","Sound",1660699,37327338,"/Files/data/SEASWAP_2009/BProbe_Tag/Trip4/Trip4_035_06302009_Failed/Sound"
367950,"0918 Sperm whale depredation","Sound",1660181,4086272,"/Files/data/SEASWAP_2009/BProbe_Tag/Trip2/Trip2_030_06212009_Failed/Sound"
367950,"0918 Sperm whale depredation","Sound",1659483,908316116,"/Files/data/SEASWAP_2009/BProbe_Tag/Trip1/030_1stdeployment_06112009_06122009_GOOD/Sound"
367950,"0918 Sperm whale depredation","Sound",1659379,23382528,"/Files/data/SEASWAP_2009/BProbe_Tag/Trip1/031_1stdeployment_06122009_Failed/Sound"
367950,"0918 Sperm whale depredation","soundfiles",1660933,861210985,"/Files/data/SEASWAP_2009/PlaybackDevice/soundfiles"
367950,"0918 Sperm whale depredation","Tagging",1661417,4416091588,"/Files/data/Tagging"
367950,"0918 Sperm whale depredation","temp",1663144,303192,"/Files/data/Tagging/SEASWAP_2007/Bprobe_Tag/July20.dir/Bprobe030/temp"
367950,"0918 Sperm whale depredation","temp",1662821,115480,"/Files/data/Tagging/SEASWAP_2007/Bprobe_Tag/July20.dir/Bprobe037/temp"
367950,"0918 Sperm whale depredation","temp",1661754,334592,"/Files/data/Tagging/SEASWAP_2007/Bprobe_Tag/July17.dir/Bprobe031/temp"
367950,"0918 Sperm whale depredation","temp",1661902,144566,"/Files/data/Tagging/SEASWAP_2007/Bprobe_Tag/July18.dir/Bprobe035/temp"
367950,"0918 Sperm whale depredation","temp",1662006,44038,"/Files/data/Tagging/SEASWAP_2007/Bprobe_Tag/July18.dir/Bprobe037/temp"
367950,"0918 Sperm whale depredation","temp",1662680,54156,"/Files/data/Tagging/SEASWAP_2007/Bprobe_Tag/July20.dir/Bprobe035/temp"
367950,"0918 Sperm whale depredation","Temp",1659397,16384,"/Files/data/SEASWAP_2009/BProbe_Tag/Trip1/031_1stdeployment_06122009_Failed/Temp"
367950,"0918 Sperm whale depredation","Temp",1660671,25316,"/Files/data/SEASWAP_2009/BProbe_Tag/Trip4/Trip4_030_06292009_Failed/Temp"
367950,"0918 Sperm whale depredation","Temp",1660731,14208,"/Files/data/SEASWAP_2009/BProbe_Tag/Trip4/Trip4_035_06302009_Failed/Temp"
367950,"0918 Sperm whale depredation","Temp",1659984,229382,"/Files/data/SEASWAP_2009/BProbe_Tag/Trip1/035_1stdeployment_GOOD/Temp"
367950,"0918 Sperm whale depredation","Temp",1660364,8138,"/Files/data/SEASWAP_2009/BProbe_Tag/Trip2/Trip2_Cast_06202009/037/Temp"
367950,"0918 Sperm whale depredation","Temp",1660150,4716,"/Files/data/SEASWAP_2009/BProbe_Tag/Trip2/Trip2_030_06212009_Failed/Temp"
367950,"0918 Sperm whale depredation","Temp",1660628,88054,"/Files/data/SEASWAP_2009/BProbe_Tag/Trip3/Trip3_037_Unit3_600m_06262009/Temp"
367950,"0918 Sperm whale depredation","Temp",1660591,88260,"/Files/data/SEASWAP_2009/BProbe_Tag/Trip3/Trip3_031_Unit3_600m_06262009/Temp"
367950,"0918 Sperm whale depredation","Temp",1660575,89410,"/Files/data/SEASWAP_2009/BProbe_Tag/Trip2/Trip2_031_06202009_Unit3_600m/Temp"
367950,"0918 Sperm whale depredation","Temp",1660204,262366,"/Files/data/SEASWAP_2009/BProbe_Tag/Trip2/Trip2_035_GOOD/Temp"
367950,"0918 Sperm whale depredation","Temp",1660136,27984,"/Files/data/SEASWAP_2009/BProbe_Tag/Trip1/037_1stdeployment_06122009_Failed4thdive/Temp"
367950,"0918 Sperm whale depredation","Temp",1659425,81896,"/Files/data/SEASWAP_2009/BProbe_Tag/Trip1/037_2nddeployment_06142009_GOOD/Temp"
367950,"0918 Sperm whale depredation","Temp",1659348,11020,"/Files/data/SEASWAP_2009/BProbe_Tag/Trip1/032_1stdeployment_06132009_Failed/Temp"
367950,"0918 Sperm whale depredation","Temp",1660325,7858,"/Files/data/SEASWAP_2009/BProbe_Tag/Trip2/Trip2_Cast_06202009/031/Temp"
367950,"0918 Sperm whale depredation","Temp",1659911,221692,"/Files/data/SEASWAP_2009/BProbe_Tag/Trip1/030_1stdeployment_06112009_06122009_GOOD/Temp"
367950,"0918 Sperm whale depredation","Temperature",1662624,270784,"/Files/data/Tagging/SEASWAP_2007/Bprobe_Tag/July20.dir/Bprobe032/Temperature"
367950,"0918 Sperm whale depredation","text",1662872,5867,"/Files/data/Tagging/SEASWAP_2007/Bprobe_Tag/July20.dir/Bprobe030/text"
367950,"0918 Sperm whale depredation","text",1662342,5456,"/Files/data/Tagging/SEASWAP_2007/Bprobe_Tag/July20.dir/Bprobe032/text"
367950,"0918 Sperm whale depredation","text",1662713,2822,"/Files/data/Tagging/SEASWAP_2007/Bprobe_Tag/July20.dir/Bprobe037/text"
367950,"0918 Sperm whale depredation","text",1662700,1711,"/Files/data/Tagging/SEASWAP_2007/Bprobe_Tag/July20.dir/Bprobe035/text"
367950,"0918 Sperm whale depredation","Tidbits_Data",1660970,30336,"/Files/data/SEASWAP_2009/Tidbits_Data"
367950,"0918 Sperm whale depredation","Trip1",1661279,15671536775,"/Files/data/SEASWAP_2010/VerticalArray/Unit3/Trip1"
367950,"0918 Sperm whale depredation","Trip1",1660971,30336,"/Files/data/SEASWAP_2009/Tidbits_Data/Trip1"
367950,"0918 Sperm whale depredation","Trip1",1661146,206864,"/Files/data/SEASWAP_2010/HOBO_Inclinometers/SN_837/Trip1"
367950,"0918 Sperm whale depredation","Trip1",1661311,13405421878,"/Files/data/SEASWAP_2010/VerticalArray/Unit5/Trip1"
367950,"0918 Sperm whale depredation","Trip1",1659326,3407471890,"/Files/data/SEASWAP_2009/BProbe_Tag/Trip1"
367950,"0918 Sperm whale depredation","Trip1",1661128,206992,"/Files/data/SEASWAP_2010/HOBO_Inclinometers/SN_836/Trip1"
367950,"0918 Sperm whale depredation","Trip1",1661176,13079595926,"/Files/data/SEASWAP_2010/VerticalArray/Unit7/Trip1"
367950,"0918 Sperm whale depredation","Trip1_August5th2010",1661007,146574,"/Files/data/SEASWAP_2010/GPS/Trip1_August5th2010"
367950,"0918 Sperm whale depredation","Trip1_August6th2010",1660996,100214,"/Files/data/SEASWAP_2010/GPS/Trip1_August6th2010"
367950,"0918 Sperm whale depredation","Trip1_August7th",1661001,53561,"/Files/data/SEASWAP_2010/GPS/Trip1_August7th"
367950,"0918 Sperm whale depredation","Trip2",1661134,323817,"/Files/data/SEASWAP_2010/HOBO_Inclinometers/SN_836/Trip2"
367950,"0918 Sperm whale depredation","Trip2",1661265,7559831011,"/Files/data/SEASWAP_2010/VerticalArray/Unit3/Trip2"
367950,"0918 Sperm whale depredation","Trip2",1660143,1808085105,"/Files/data/SEASWAP_2009/BProbe_Tag/Trip2"
367950,"0918 Sperm whale depredation","Trip2",1661337,21649051901,"/Files/data/SEASWAP_2010/VerticalArray/Unit5/Trip2"
367950,"0918 Sperm whale depredation","Trip2",1661022,271636657,"/Files/data/SEASWAP_2010/BProbe/Trip2"
367950,"0918 Sperm whale depredation","Trip2",1661202,21477547633,"/Files/data/SEASWAP_2010/VerticalArray/Unit7/Trip2"
367950,"0918 Sperm whale depredation","Trip2",1661152,326551,"/Files/data/SEASWAP_2010/HOBO_Inclinometers/SN_837/Trip2"
367950,"0918 Sperm whale depredation","Trip2_030_06212009_Failed",1660144,30144388,"/Files/data/SEASWAP_2009/BProbe_Tag/Trip2/Trip2_030_06212009_Failed"
367950,"0918 Sperm whale depredation","Trip2_031_06202009_Unit3_600m",1660372,750082656,"/Files/data/SEASWAP_2009/BProbe_Tag/Trip2/Trip2_031_06202009_Unit3_600m"
367950,"0918 Sperm whale depredation","Trip2_035_GOOD",1660188,905260626,"/Files/data/SEASWAP_2009/BProbe_Tag/Trip2/Trip2_035_GOOD"
367950,"0918 Sperm whale depredation","Trip2_Cast_06202009",1660285,122597435,"/Files/data/SEASWAP_2009/BProbe_Tag/Trip2/Trip2_Cast_06202009"
367950,"0918 Sperm whale depredation","Trip3",1660580,1492154,"/Files/data/SEASWAP_2009/BProbe_Tag/Trip3"
367950,"0918 Sperm whale depredation","Trip3_031_Unit3_600m_06262009",1660581,762562,"/Files/data/SEASWAP_2009/BProbe_Tag/Trip3/Trip3_031_Unit3_600m_06262009"
367950,"0918 Sperm whale depredation","Trip3_037_Unit3_600m_06262009",1660614,729592,"/Files/data/SEASWAP_2009/BProbe_Tag/Trip3/Trip3_037_Unit3_600m_06262009"
367950,"0918 Sperm whale depredation","Trip4",1660647,140799399,"/Files/data/SEASWAP_2009/BProbe_Tag/Trip4"
367950,"0918 Sperm whale depredation","Trip4_030_06292009_Failed",1660648,61848661,"/Files/data/SEASWAP_2009/BProbe_Tag/Trip4/Trip4_030_06292009_Failed"
367950,"0918 Sperm whale depredation","Trip4_035_06302009_Failed",1660692,78950738,"/Files/data/SEASWAP_2009/BProbe_Tag/Trip4/Trip4_035_06302009_Failed"
367950,"0918 Sperm whale depredation","Unit2",1663204,11235971243,"/Files/data/SEASWAP_2011/AcousticDecoy/Unit2"
367950,"0918 Sperm whale depredation","Unit3",1661264,23231367786,"/Files/data/SEASWAP_2010/VerticalArray/Unit3"
367950,"0918 Sperm whale depredation","Unit5",1661310,35054473779,"/Files/data/SEASWAP_2010/VerticalArray/Unit5"
367950,"0918 Sperm whale depredation","Unit5",1663187,10559556131,"/Files/data/SEASWAP_2011/AcousticDecoy/Unit5"
367950,"0918 Sperm whale depredation","Unit7",1661175,34557143559,"/Files/data/SEASWAP_2010/VerticalArray/Unit7"
367950,"0918 Sperm whale depredation","Unit8",1663256,6987407975,"/Files/data/SEASWAP_2011/AcousticDecoy/Unit8"
367950,"0918 Sperm whale depredation","VerticalArray",1661174,92842985124,"/Files/data/SEASWAP_2010/VerticalArray"
367950,"0918 Sperm whale depredation","WeatherStation_Data",1660978,36864,"/Files/data/SEASWAP_2009/WeatherStation_Data"
368004,"0920 Shoreline Change on Sagavanirktok Delta","01.draft",1663655,1287924221,"/Files/original/01.draft"
368004,"0920 Shoreline Change on Sagavanirktok Delta","02.review",1663848,59862,"/Files/original/02.review"
368004,"0920 Shoreline Change on Sagavanirktok Delta","03.draft",1663861,29376,"/Files/original/03.draft"
368004,"0920 Shoreline Change on Sagavanirktok Delta","04.draft",1663475,2581013833,"/Files/original/04.draft"
368004,"0920 Shoreline Change on Sagavanirktok Delta","05.test",1663866,91189,"/Files/original/05.test"
368004,"0920 Shoreline Change on Sagavanirktok Delta","06.draft",1663877,188460,"/Files/original/06.draft"
368004,"0920 Shoreline Change on Sagavanirktok Delta","07.review",1663425,965593,"/Files/original/07.review"
368004,"0920 Shoreline Change on Sagavanirktok Delta","08.draft",1663614,834769,"/Files/original/08.draft"
368004,"0920 Shoreline Change on Sagavanirktok Delta","0920metadatareview",1663426,850990,"/Files/original/07.review/0920metadatareview"
368004,"0920 Shoreline Change on Sagavanirktok Delta","09.review",1663658,843108,"/Files/original/09.review"
368004,"0920 Shoreline Change on Sagavanirktok Delta","10.packed",1663699,1292118807,"/Files/original/10.packed"
368004,"0920 Shoreline Change on Sagavanirktok Delta","add",1663394,5013168,"/Files/add"
368004,"0920 Shoreline Change on Sagavanirktok Delta","BATHYMETRIC DATA",1663495,520316,"/Files/original/04.draft/BATHYMETRIC DATA"
368004,"0920 Shoreline Change on Sagavanirktok Delta","Eastwind 1989causeway",1663541,138117409,"/Files/original/04.draft/Eastwind 1989causeway"
368004,"0920 Shoreline Change on Sagavanirktok Delta","Eastwind 1989causeway",1663764,138209925,"/Files/original/10.packed/Eastwind 1989causeway"
368004,"0920 Shoreline Change on Sagavanirktok Delta","Eastwind 2009causeway",1663556,138386970,"/Files/original/04.draft/Eastwind 2009causeway"
368004,"0920 Shoreline Change on Sagavanirktok Delta","Eastwind 2009causeway",1663781,138479544,"/Files/original/10.packed/Eastwind 2009causeway"
368004,"0920 Shoreline Change on Sagavanirktok Delta","Eastwind Nocauseway",1663526,188840573,"/Files/original/04.draft/Eastwind Nocauseway"
368004,"0920 Shoreline Change on Sagavanirktok Delta","Eastwind Nocauseway",1663747,188936755,"/Files/original/10.packed/Eastwind Nocauseway"
368004,"0920 Shoreline Change on Sagavanirktok Delta","Files",368005,6319363295,"/Files"
368004,"0920 Shoreline Change on Sagavanirktok Delta","Final report",2541545,1520157,"/Final report"
368004,"0920 Shoreline Change on Sagavanirktok Delta","Nowind 1989causeway",1663798,134119235,"/Files/original/10.packed/Nowind 1989causeway"
368004,"0920 Shoreline Change on Sagavanirktok Delta","Nowind 1989causeway",1663571,134058016,"/Files/original/04.draft/Nowind 1989causeway"
368004,"0920 Shoreline Change on Sagavanirktok Delta","Nowind 2009causeway",1663500,134240578,"/Files/original/04.draft/Nowind 2009causeway"
368004,"0920 Shoreline Change on Sagavanirktok Delta","Nowind 2009causeway",1663719,134301793,"/Files/original/10.packed/Nowind 2009causeway"
368004,"0920 Shoreline Change on Sagavanirktok Delta","Nowind Nocauseway",1663816,134821923,"/Files/original/10.packed/Nowind Nocauseway"
368004,"0920 Shoreline Change on Sagavanirktok Delta","Nowind Nocauseway",1663584,134760637,"/Files/original/04.draft/Nowind Nocauseway"
368004,"0920 Shoreline Change on Sagavanirktok Delta","original",1663424,5164075366,"/Files/original"
368004,"0920 Shoreline Change on Sagavanirktok Delta","UAA_2010_Endicott_Bathymetry",1663809,559771,"/Files/original/10.packed/UAA_2010_Endicott_Bathymetry"
368004,"0920 Shoreline Change on Sagavanirktok Delta","Westwind 1989causeway",1663730,139060362,"/Files/original/10.packed/Westwind 1989causeway"
368004,"0920 Shoreline Change on Sagavanirktok Delta","Westwind 1989causeway",1663509,138967828,"/Files/original/04.draft/Westwind 1989causeway"
368004,"0920 Shoreline Change on Sagavanirktok Delta","Westwind 2009causeway",1663476,139063836,"/Files/original/04.draft/Westwind 2009causeway"
368004,"0920 Shoreline Change on Sagavanirktok Delta","Westwind 2009causeway",1663700,139156397,"/Files/original/10.packed/Westwind 2009causeway"
368004,"0920 Shoreline Change on Sagavanirktok Delta","Westwind Nocauseway",1663593,139366859,"/Files/original/04.draft/Westwind Nocauseway"
368004,"0920 Shoreline Change on Sagavanirktok Delta","Westwind Nocauseway",1663827,139459934,"/Files/original/10.packed/Westwind Nocauseway"
368004,"0920 Shoreline Change on Sagavanirktok Delta","xml",1663399,175612,"/Files/xml"
369829,"0921 Coastal Erosion/Accretion Processes in Hooper Bay, Alaska","Files",369830,12104998,"/Files"
369829,"0921 Coastal Erosion/Accretion Processes in Hooper Bay, Alaska","Final report",2541614,1183359,"/Final report"
369829,"0921 Coastal Erosion/Accretion Processes in Hooper Bay, Alaska","not described",1701712,2628471,"/Files/not described"
369829,"0921 Coastal Erosion/Accretion Processes in Hooper Bay, Alaska","original",1701723,7745189,"/Files/original"
371708,"0922 ELCMP","calc_data",377926,21990,"/Files/calc_data"
371708,"0922 ELCMP","data",377919,42155,"/Files/data"
371708,"0922 ELCMP","data_test",377929,14342,"/Files/data_test"
371708,"0922 ELCMP","Files",371709,277293,"/Files"
371708,"0922 ELCMP","Final report",2541507,1729947,"/Final report"
369843,"0923 Ecological impacts of the 2008 Kasatochi eruption.","1",1701803,4109300,"/Files/original/1"
369843,"0923 Ecological impacts of the 2008 Kasatochi eruption.","2",1701782,722967,"/Files/original/2"
369843,"0923 Ecological impacts of the 2008 Kasatochi eruption.","3",1701789,109618,"/Files/original/3"
369843,"0923 Ecological impacts of the 2008 Kasatochi eruption.","4",1701796,740349,"/Files/original/4"
369843,"0923 Ecological impacts of the 2008 Kasatochi eruption.","5",1701810,262534,"/Files/original/5"
369843,"0923 Ecological impacts of the 2008 Kasatochi eruption.","Files",369844,11693356,"/Files"
369843,"0923 Ecological impacts of the 2008 Kasatochi eruption.","Final report",2541615,16683231,"/Final report"
369843,"0923 Ecological impacts of the 2008 Kasatochi eruption.","original",1701781,5950916,"/Files/original"
369843,"0923 Ecological impacts of the 2008 Kasatochi eruption.","to help lena",1701756,4486656,"/Files/to help lena"
369871,"0924 Molecular identification of larvae and diet","Files",369872,177688,"/Files"
369871,"0924 Molecular identification of larvae and diet","Final report",2541616,599467,"/Final report"
369887,"0925 Improved Alaskan Shellfish Safety","Files",369888,7296182,"/Files"
369887,"0925 Improved Alaskan Shellfish Safety","Final report",2541336,1794332,"/Final report"
369887,"0925 Improved Alaskan Shellfish Safety","meta_sup",1701838,3831052,"/Files/original/meta_sup"
369887,"0925 Improved Alaskan Shellfish Safety","original",1701829,5226692,"/Files/original"
371696,"0926 Using flow cytometry to assess the condition of fish larvae","Files",371697,476021,"/Files"
371696,"0926 Using flow cytometry to assess the condition of fish larvae","Final report",2541501,1562661,"/Final report"
371696,"0926 Using flow cytometry to assess the condition of fish larvae","original",1703627,280536,"/Files/original"
367964,"0927 Integrating In Situ Biochemical Sampling on a Glider","Files",367965,10715659,"/Files"
367964,"0927 Integrating In Situ Biochemical Sampling on a Glider","Final report",2541543,1267505,"/Final report"
367964,"0927 Integrating In Situ Biochemical Sampling on a Glider","NPRB.2009.27.GAKOA_Bottles",1663363,199224,"/Files/original/NPRB.2009.27.GAKOA_Bottles"
367964,"0927 Integrating In Situ Biochemical Sampling on a Glider","NPRB.2009.27.GAKOA_CTD",1663347,418313,"/Files/original/NPRB.2009.27.GAKOA_CTD"
367964,"0927 Integrating In Situ Biochemical Sampling on a Glider","NPRB.2009.27.GAKOA_Glider",1663356,8043251,"/Files/original/NPRB.2009.27.GAKOA_Glider"
367964,"0927 Integrating In Situ Biochemical Sampling on a Glider","original",1663346,8666936,"/Files/original"
369900,"0928 Tracking tagged fish with an autonomous underwater vehicle","Files",369901,27791022,"/Files"
369900,"0928 Tracking tagged fish with an autonomous underwater vehicle","Final report",2541396,2339787,"/Final report"
369900,"0928 Tracking tagged fish with an autonomous underwater vehicle","original",1701861,14562102,"/Files/original"
371344,"0929 WEBSEC-72 zooplankton","Files",371345,14964870,"/Files"
371344,"0929 WEBSEC-72 zooplankton","Final report",2541459,829564,"/Final report"
371344,"0929 WEBSEC-72 zooplankton","original",1703574,10225257,"/Files/original"
